Repeat,stage,globin,dnd,nanos,condition
1,10hpf,6856.50,8010.68,2132.65,full_mix
1,10hpf,2967.63,3043.87,1065.64,full_mix
1,10hpf,5501.08,4693.88,1576.25,full_mix
1,10hpf,4653.00,4188.03,1071.15,full_mix
1,10hpf,6016.13,4897.90,2080.83,full_mix
1,10hpf,445.66,656.83,427.06,full_mix
1,10hpf,8832.29,7271.97,2653.22,full_mix
1,10hpf,7942.89,6959.17,2275.94,full_mix
1,10hpf,2098.15,2530.81,1807.61,full_mix
1,10hpf,3088.37,3387.33,1409.75,full_mix
1,10hpf,2062.88,2822.96,1165.13,full_mix
1,10hpf,5365.19,7222.42,1402.15,full_mix
1,10hpf,4996.84,5047.47,1910.36,full_mix
1,10hpf,6030.40,5355.24,1724.47,full_mix
1,10hpf,3119.02,3457.56,1166.92,full_mix
1,10hpf,3277.69,4099.29,1081.28,full_mix
1,10hpf,4196.46,4491.25,1708.73,full_mix
1,10hpf,4177.10,4530.12,1267.00,full_mix
1,10hpf,3279.44,3313.71,902.37,full_mix
1,10hpf,5962.15,6869.52,2091.58,full_mix
1,10hpf,3694.35,5267.58,1197.90,full_mix
1,10hpf,3896.96,5311.56,996.79,full_mix
1,10hpf,3358.33,3563.71,1157.67,full_mix
1,10hpf,4222.41,4407.53,1301.80,full_mix
1,10hpf,1800.88,2211.92,1098.70,full_mix
2,10hpf,4160.129,3584.616,1666.719,full_mix
2,10hpf,5285.98,4293.981,1613.776,full_mix
2,10hpf,4226.563,3629.954,1189.253,full_mix
2,10hpf,1874.016,1508.739,591.735,full_mix
2,10hpf,3054.705,3099.043,2329.366,full_mix
2,10hpf,6410.192,4905.298,3176.987,full_mix
2,10hpf,3294.861,3216.75,1533.682,full_mix
2,10hpf,4102.947,3349.438,1541.118,full_mix
2,10hpf,9508.105,6878.165,4045.072,full_mix
2,10hpf,3664.911,3188.869,1231.796,full_mix
2,10hpf,7895.01,5965.711,3008.032,full_mix
2,10hpf,6222.817,4754.625,1812.432,full_mix
2,10hpf,1516.787,1422.064,638.031,full_mix
2,10hpf,3471.753,3559.938,852.445,full_mix
2,10hpf,1678.849,1364.778,638.39,full_mix
2,10hpf,2766.751,1986.527,775.467,full_mix
2,10hpf,7735.272,5711.082,3271.011,full_mix
2,10hpf,7924.835,5427.099,3561.909,full_mix
2,10hpf,1886.334,1878.466,1077.626,full_mix
2,10hpf,2175.082,2162.265,1239.1,full_mix
2,10hpf,3894.269,3334.736,1501.511,full_mix
2,10hpf,1055.843,1156.321,754.428,full_mix
2,10hpf,3647.526,3261.744,1546.317,full_mix
2,10hpf,2526.441,2326.15,937.621,full_mix
2,10hpf,3545.688,3293.043,2048.901,full_mix
1,10hpf,1255.144,1673.786,832.495,no_tdrd7
1,10hpf,5199.263,4648.666,1523.072,no_tdrd7
1,10hpf,3202.604,3799.677,1479.897,no_tdrd7
1,10hpf,4748.886,3935.395,1039.909,no_tdrd7
1,10hpf,4442.24,4496.796,1219.842,no_tdrd7
1,10hpf,3629.351,3240.267,613.404,no_tdrd7
1,10hpf,1723.238,2154.512,847.713,no_tdrd7
1,10hpf,677.251,1009.149,624.911,no_tdrd7
1,10hpf,2950.729,3534.11,893.294,no_tdrd7
1,10hpf,3092.398,3475.43,1352.078,no_tdrd7
1,10hpf,2827.187,2670.11,704.211,no_tdrd7
1,10hpf,4116.689,3645.67,2033.571,no_tdrd7
1,10hpf,6918.032,5900.667,1346.308,no_tdrd7
1,10hpf,4100.262,4575.734,1039.861,no_tdrd7
1,10hpf,647.479,882.11,486.56,no_tdrd7
1,10hpf,639.594,911.604,412.072,no_tdrd7
1,10hpf,5794.695,5257.55,1670.759,no_tdrd7
1,10hpf,2392.405,2786.924,651.737,no_tdrd7
1,10hpf,1053.661,1538.387,1087.295,no_tdrd7
1,10hpf,1916.499,2365.828,749.873,no_tdrd7
1,10hpf,5392.097,4333.121,1392.347,no_tdrd7
1,10hpf,4235.954,3336.066,1883.84,no_tdrd7
1,10hpf,6158.186,5086.754,1772.027,no_tdrd7
1,10hpf,1968.819,2651.931,1132.14,no_tdrd7
1,10hpf,6343.086,5960.209,1878.446,no_tdrd7
2,10hpf,2514.72,2170.798,1252.818,no_tdrd7
2,10hpf,4261.097,3659.623,2097.037,no_tdrd7
2,10hpf,6872.332,4851.629,2425.072,no_tdrd7
2,10hpf,8398.938,5859.154,3506.962,no_tdrd7
2,10hpf,5495.997,4644.136,2192.644,no_tdrd7
2,10hpf,3379.825,2935.315,1402.792,no_tdrd7
2,10hpf,4307.887,3328.155,2058.161,no_tdrd7
2,10hpf,5634.168,4656.605,2597.731,no_tdrd7
2,10hpf,9096.477,6872.045,2500.521,no_tdrd7
2,10hpf,6472.967,5945.75,3119.23,no_tdrd7
2,10hpf,4275.755,3957.24,2843.257,no_tdrd7
2,10hpf,5357.073,4420.092,2815.499,no_tdrd7
2,10hpf,4872.947,3918.743,2100.767,no_tdrd7
2,10hpf,2061.666,1994.088,1198.413,no_tdrd7
2,10hpf,5921.012,4989.98,2933.297,no_tdrd7
2,10hpf,4444.748,3685.797,1737.21,no_tdrd7
2,10hpf,1802.088,1773.42,1140.784,no_tdrd7
2,10hpf,6647.936,4476.126,2717.978,no_tdrd7
2,10hpf,3533.885,3139.42,1338.747,no_tdrd7
2,10hpf,6312.672,5360.873,2109.889,no_tdrd7
2,10hpf,4128.082,3394.497,1643.232,no_tdrd7
2,10hpf,4081.709,3234.69,1974.729,no_tdrd7
2,10hpf,2546.721,2522.574,1078.02,no_tdrd7
2,10hpf,8755.357,6219.843,4571.06,no_tdrd7
2,10hpf,7309.202,5811.549,3640.335,no_tdrd7
1,24hpf,5315.54,4447.08,1731.11,full_mix
1,24hpf,3211.453,2035.416,379.917,full_mix
1,24hpf,5657.646,9381.436,1588.106,full_mix
1,24hpf,4689.04,4629.752,1501.152,full_mix
1,24hpf,5235.842,4662.54,2828.2,full_mix
1,24hpf,5120.958,6480.717,3858.536,full_mix
1,24hpf,5235.151,6319.969,2727.152,full_mix
1,24hpf,5178.923,5033.873,1336.208,full_mix
1,24hpf,5816.36,7843.668,3532.476,full_mix
1,24hpf,1362.047,1381.216,579.288,full_mix
1,24hpf,8258.89,9558.453,7323.68,full_mix
1,24hpf,4541.644,3789.5,883.362,full_mix
1,24hpf,1250.414,1965.019,1846.06,full_mix
1,24hpf,5906.856,8137.199,3991.48,full_mix
1,24hpf,4393.259,4101.989,1664.846,full_mix
1,24hpf,5878.839,6811.759,3792.617,full_mix
1,24hpf,5266.06,5408.867,1928.728,full_mix
1,24hpf,3984.998,3773.398,1030.136,full_mix
1,24hpf,2088.367,2176.785,668.479,full_mix
1,24hpf,3433.232,3501.191,799.417,full_mix
1,24hpf,1439.241,1629.736,419.942,full_mix
1,24hpf,6255.866,7207.199,2065.447,full_mix
1,24hpf,5206.911,7233.316,1663.137,full_mix
1,24hpf,5485.146,7228.534,1496.578,full_mix
1,24hpf,6717.077,7660.366,1428.843,full_mix
2,24hpf,8395.369,7770.387,7794.401,full_mix
2,24hpf,4771.728,4220.766,3253.944,full_mix
2,24hpf,3949.418,4209.617,2463.639,full_mix
2,24hpf,6102.04,6283.454,2765.552,full_mix
2,24hpf,1396.695,1736.018,774.426,full_mix
2,24hpf,2723.267,3026.813,995.129,full_mix
2,24hpf,5290.65,4135.213,2000.476,full_mix
2,24hpf,3970.491,3589.794,1718.236,full_mix
2,24hpf,3739.204,5009.327,2796.69,full_mix
2,24hpf,1319.254,1731.814,1179.63,full_mix
2,24hpf,2632.546,2200.398,2054.319,full_mix
2,24hpf,3604.727,4513.092,3974.111,full_mix
2,24hpf,4407.805,3172.889,2050.303,full_mix
2,24hpf,3691.128,3499.493,1939.579,full_mix
2,24hpf,2045.438,2238.379,819.911,full_mix
2,24hpf,2119.939,2587.579,945.357,full_mix
2,24hpf,5660.743,4759.589,3119.41,full_mix
2,24hpf,4009.817,3389.398,2251.936,full_mix
2,24hpf,5419.496,6112.044,3651.252,full_mix
2,24hpf,4754.398,3652.449,3365.851,full_mix
2,24hpf,7136.372,6155.888,5864.67,full_mix
2,24hpf,6076.505,5163.546,3397.49,full_mix
2,24hpf,3532.939,3639.906,1851.814,full_mix
2,24hpf,5812.71,6118.536,3386.109,full_mix
2,24hpf,6844.467,6187.983,3058.948,full_mix
1,24hpf,5008.92,4336.73,1023.44,no_tdrd7
1,24hpf,10230.86,9778.48,1783.78,no_tdrd7
1,24hpf,2499.99,2630.56,1365.92,no_tdrd7
1,24hpf,8570.42,8856.04,2431.80,no_tdrd7
1,24hpf,7749.29,8081.10,2100.10,no_tdrd7
1,24hpf,2690.00,3574.91,786.40,no_tdrd7
1,24hpf,4381.16,4290.90,983.22,no_tdrd7
1,24hpf,4006.84,3866.72,867.92,no_tdrd7
1,24hpf,4055.08,3868.04,904.11,no_tdrd7
1,24hpf,4365.03,3996.86,762.74,no_tdrd7
1,24hpf,3926.58,4854.95,1218.74,no_tdrd7
1,24hpf,6799.71,5833.61,1381.47,no_tdrd7
1,24hpf,6085.94,7103.27,2878.32,no_tdrd7
1,24hpf,9196.69,10052.59,2762.12,no_tdrd7
1,24hpf,8567.43,9341.71,2631.60,no_tdrd7
1,24hpf,4210.64,5101.20,1688.81,no_tdrd7
1,24hpf,7451.30,6330.73,1731.24,no_tdrd7
1,24hpf,1292.80,1435.16,637.39,no_tdrd7
1,24hpf,2943.85,2512.25,595.01,no_tdrd7
1,24hpf,6515.06,5541.67,990.59,no_tdrd7
1,24hpf,6304.23,6457.97,1707.14,no_tdrd7
1,24hpf,3298.14,3570.39,1026.31,no_tdrd7
1,24hpf,8014.10,7762.70,2694.83,no_tdrd7
1,24hpf,7727.30,8567.45,2749.56,no_tdrd7
1,24hpf,10493.24,10264.63,2913.18,no_tdrd7
2,24hpf,3265.298,3173.438,1939.061,no_tdrd7
2,24hpf,4999.293,4680.757,2207.963,no_tdrd7
2,24hpf,3700.344,3098.677,1468.262,no_tdrd7
2,24hpf,3890.685,3504.991,1826.932,no_tdrd7
2,24hpf,3852.823,3450.847,1084.928,no_tdrd7
2,24hpf,6902.004,6026.117,2873.273,no_tdrd7
2,24hpf,6735.93,6153.192,3854.478,no_tdrd7
2,24hpf,7797.994,5895.774,2276.919,no_tdrd7
2,24hpf,3535.124,2985.298,1673.798,no_tdrd7
2,24hpf,3307.1,2794.345,964.476,no_tdrd7
2,24hpf,3816.426,3736.705,1352.596,no_tdrd7
2,24hpf,4595.801,3892.438,1699.169,no_tdrd7
2,24hpf,2034.876,1856.813,1128.99,no_tdrd7
2,24hpf,4810.612,3903.963,1724.415,no_tdrd7
2,24hpf,4019.929,3028.359,1336.662,no_tdrd7
2,24hpf,5176.237,4078.694,2057.199,no_tdrd7
2,24hpf,4777.671,3865.386,1456.851,no_tdrd7
2,24hpf,4706.032,4621.445,2334.132,no_tdrd7
2,24hpf,7668.048,6317.562,2866.259,no_tdrd7
2,24hpf,5990.55,5602.708,3431.244,no_tdrd7
2,24hpf,6251.741,5874.315,3063.129,no_tdrd7
2,24hpf,3634.445,3753.96,1349.638,no_tdrd7
2,24hpf,4535.712,4821.13,2043.533,no_tdrd7
2,24hpf,6507.828,6319.625,3151.616,no_tdrd7
2,24hpf,5247.273,5222.55,2864.296,no_tdrd7
1,48hpf,5991.89,12301.59,12548.56,full_mix
1,48hpf,6211.11,7426.32,2585.03,full_mix
1,48hpf,937.63,1525.66,963.78,full_mix
1,48hpf,3634.71,5087.58,2314.92,full_mix
1,48hpf,3275.67,3886.02,1194.97,full_mix
1,48hpf,2083.70,2813.62,840.30,full_mix
1,48hpf,447.93,654.93,626.78,full_mix
1,48hpf,3881.53,5497.94,3171.35,full_mix
1,48hpf,3168.51,4402.60,1961.77,full_mix
1,48hpf,3011.22,4577.33,1984.67,full_mix
1,48hpf,1912.17,3310.94,998.90,full_mix
1,48hpf,2535.64,4500.66,5557.02,full_mix
1,48hpf,2132.13,2377.25,1429.67,full_mix
1,48hpf,4087.13,4714.95,2277.07,full_mix
1,48hpf,5381.33,6866.16,2494.44,full_mix
1,48hpf,3606.30,5238.72,3155.41,full_mix
1,48hpf,3786.45,4214.68,1048.70,full_mix
1,48hpf,750.91,1179.36,630.96,full_mix
1,48hpf,5383.23,9410.62,2976.25,full_mix
1,48hpf,4184.88,4843.67,1457.33,full_mix
1,48hpf,2618.06,3523.38,1730.04,full_mix
1,48hpf,3787.81,5097.89,2492.70,full_mix
1,48hpf,6786.94,7116.46,4371.15,full_mix
1,48hpf,5709.22,6055.82,1597.35,full_mix
1,48hpf,491.56,1205.60,1138.94,full_mix
2,48hpf,1433.652,2157.014,1605.301,full_mix
2,48hpf,3644.446,3179.607,6482.239,full_mix
2,48hpf,2342.654,2254.323,887.759,full_mix
2,48hpf,3922.066,3992.091,3253.627,full_mix
2,48hpf,1012.621,1080.678,2535.327,full_mix
2,48hpf,3732.999,3914.755,3107.151,full_mix
2,48hpf,4201.121,3827.043,3822.371,full_mix
2,48hpf,4007.735,3880.433,2165.237,full_mix
2,48hpf,6488.25,7098.211,12020.782,full_mix
2,48hpf,4141.698,4770.562,6390.51,full_mix
2,48hpf,2239.207,2524.766,5095.07,full_mix
2,48hpf,1494.323,2092.477,1396.404,full_mix
2,48hpf,6122.871,6764.274,7991.209,full_mix
2,48hpf,8961.95,8243.926,8940.572,full_mix
2,48hpf,7712.092,6863.592,13165.185,full_mix
2,48hpf,3198.497,5839.44,10654.812,full_mix
2,48hpf,3987.981,5371.854,9162.723,full_mix
2,48hpf,2019.994,2729.977,2404.279,full_mix
2,48hpf,1462.784,1799.024,729.685,full_mix
2,48hpf,4192.202,5002.815,4917.172,full_mix
2,48hpf,5092.914,5521.743,5469.631,full_mix
2,48hpf,5008.529,5949.155,5599.889,full_mix
2,48hpf,5588.394,5561.701,4432.038,full_mix
2,48hpf,6696.586,7037.422,4163.234,full_mix
2,48hpf,3879.254,4668.023,4031.889,full_mix
1,48hpf,692.74,755.79,233.12,no_tdrd7
1,48hpf,5722.37,6640.05,1749.49,no_tdrd7
1,48hpf,7522.29,7726.19,2454.53,no_tdrd7
1,48hpf,5723.06,6717.20,1685.80,no_tdrd7
1,48hpf,6947.17,7055.12,1661.27,no_tdrd7
1,48hpf,4459.73,4832.20,1491.51,no_tdrd7
1,48hpf,8905.15,8407.12,1890.46,no_tdrd7
1,48hpf,709.19,763.67,373.34,no_tdrd7
1,48hpf,5071.34,6445.22,1929.67,no_tdrd7
1,48hpf,757.07,1220.88,357.79,no_tdrd7
1,48hpf,956.67,1402.87,1629.16,no_tdrd7
1,48hpf,3898.56,2798.21,409.85,no_tdrd7
1,48hpf,6212.53,5821.92,1605.33,no_tdrd7
1,48hpf,2375.89,2412.81,642.73,no_tdrd7
1,48hpf,7723.89,8875.58,2823.89,no_tdrd7
1,48hpf,6852.04,5356.55,1163.99,no_tdrd7
1,48hpf,3806.77,3462.03,681.07,no_tdrd7
1,48hpf,934.69,952.44,250.87,no_tdrd7
1,48hpf,4039.60,4033.10,874.72,no_tdrd7
1,48hpf,4254.64,4107.81,941.50,no_tdrd7
1,48hpf,4311.96,4511.15,1191.17,no_tdrd7
1,48hpf,5946.79,5145.41,1184.02,no_tdrd7
1,48hpf,2512.33,2660.41,702.83,no_tdrd7
1,48hpf,1165.81,1331.11,320.40,no_tdrd7
1,48hpf,412.85,460.11,149.35,no_tdrd7
2,48hpf,4805.583,5394.548,2237.515,no_tdrd7
2,48hpf,640.971,853.264,498.347,no_tdrd7
2,48hpf,251.05,244.795,99.694,no_tdrd7
2,48hpf,789.714,1068.114,1782.39,no_tdrd7
2,48hpf,1332.33,2376.212,2723,no_tdrd7
2,48hpf,10743.452,7341.272,4319.387,no_tdrd7
2,48hpf,2001.273,1776.08,1045.58,no_tdrd7
2,48hpf,1567.74,1943.048,599.464,no_tdrd7
2,48hpf,723.341,651.023,393.114,no_tdrd7
2,48hpf,2963.923,4375.866,2155.983,no_tdrd7
2,48hpf,2718.819,3088.396,2006.669,no_tdrd7
2,48hpf,1850.632,3220.273,1191.882,no_tdrd7
2,48hpf,3367.615,4152.538,2051.28,no_tdrd7
2,48hpf,956.95,1544.342,1942.457,no_tdrd7
2,48hpf,554.079,735.967,1351.331,no_tdrd7
2,48hpf,6295.025,5395.968,5234.234,no_tdrd7
2,48hpf,4784.926,4452.462,2445.622,no_tdrd7
2,48hpf,2442.442,2711.992,2459.976,no_tdrd7
2,48hpf,4299.015,3807.775,1666.034,no_tdrd7
2,48hpf,982.017,1340.609,1177.312,no_tdrd7
2,48hpf,1886.738,2052.125,1953.156,no_tdrd7
2,48hpf,4176.21,4204.231,1714.532,no_tdrd7
2,48hpf,888.429,1383.911,647.519,no_tdrd7
2,48hpf,941.036,1271.237,714.972,no_tdrd7
2,48hpf,2189.59,1945.002,577.973,no_tdrd7
1,72hpf,1298.56,1878.36,818.36,full_mix
1,72hpf,3320.81,6257.08,5340.30,full_mix
1,72hpf,395.77,753.72,1050.26,full_mix
1,72hpf,2027.81,2772.50,1690.28,full_mix
1,72hpf,1107.71,1529.46,770.00,full_mix
1,72hpf,2159.17,3253.64,2323.15,full_mix
1,72hpf,2216.67,2995.34,1568.21,full_mix
1,72hpf,4204.60,3493.63,1060.17,full_mix
1,72hpf,1427.73,2053.51,697.65,full_mix
1,72hpf,769.64,1089.66,1610.16,full_mix
1,72hpf,510.87,1054.56,845.48,full_mix
1,72hpf,341.00,866.38,640.59,full_mix
1,72hpf,270.00,821.16,540.00,full_mix
1,72hpf,2558.91,3269.73,1061.96,full_mix
1,72hpf,2270.39,3763.90,853.12,full_mix
1,72hpf,1626.59,4351.54,1465.39,full_mix
1,72hpf,2832.36,3624.99,1390.51,full_mix
1,72hpf,455.29,897.39,332.03,full_mix
1,72hpf,802.81,1410.38,1131.50,full_mix
1,72hpf,927.91,1737.53,459.12,full_mix
1,72hpf,1821.19,2734.71,1863.43,full_mix
1,72hpf,1538.90,2157.81,863.56,full_mix
1,72hpf,448.76,1116.84,304.69,full_mix
1,72hpf,292.56,462.24,245.11,full_mix
1,72hpf,985.95,1231.16,882.33,full_mix
2,72hpf,3304.183,3881.909,2410.233,full_mix
2,72hpf,3801.459,5014.78,7503.38,full_mix
2,72hpf,2686.407,4204.674,4594.087,full_mix
2,72hpf,2607.596,3136.791,2396.401,full_mix
2,72hpf,2391.657,3047.944,1899.049,full_mix
2,72hpf,3321.396,3448.123,1474.688,full_mix
2,72hpf,5708.674,5631.424,10667.395,full_mix
2,72hpf,1554.444,3448.657,4646.322,full_mix
2,72hpf,474.542,1828.104,3652.284,full_mix
2,72hpf,2234.86,3401.029,7063.265,full_mix
2,72hpf,2469.229,4607.45,8347.882,full_mix
2,72hpf,1933.272,1918.309,1343.959,full_mix
2,72hpf,1744.998,2648.621,3720.721,full_mix
2,72hpf,1199.525,1933.738,1278.04,full_mix
2,72hpf,1242.613,1800.758,1286.699,full_mix
2,72hpf,2539.126,2976.057,5811.666,full_mix
2,72hpf,3066.937,4078.046,6696.849,full_mix
2,72hpf,2119.911,2585.444,2429.253,full_mix
2,72hpf,3078.656,4028.876,2350.987,full_mix
2,72hpf,1861.232,2389.172,1519.969,full_mix
2,72hpf,3117.774,3012.218,1699.028,full_mix
2,72hpf,2848.795,3264.414,1562.183,full_mix
2,72hpf,2602.457,2512.453,4140.096,full_mix
2,72hpf,1901.806,2427.467,1908.526,full_mix
2,72hpf,2968.926,4100.479,4642.702,full_mix
1,72hpf,463.93,602.28,301.68,no_tdrd7
1,72hpf,929.35,1552.00,361.83,no_tdrd7
1,72hpf,4143.80,4175.30,1447.55,no_tdrd7
1,72hpf,2443.15,2504.20,844.29,no_tdrd7
1,72hpf,3389.05,3506.15,876.09,no_tdrd7
1,72hpf,256.84,379.52,240.45,no_tdrd7
1,72hpf,2934.43,2653.09,536.67,no_tdrd7
1,72hpf,621.15,1178.78,468.31,no_tdrd7
1,72hpf,552.95,625.16,273.80,no_tdrd7
1,72hpf,1375.56,1415.20,394.76,no_tdrd7
1,72hpf,412.25,455.33,158.40,no_tdrd7
1,72hpf,1206.23,851.14,237.18,no_tdrd7
1,72hpf,1428.35,1360.13,382.83,no_tdrd7
1,72hpf,1089.28,1292.53,416.38,no_tdrd7
1,72hpf,1147.23,1498.82,408.24,no_tdrd7
1,72hpf,727.35,1018.26,231.00,no_tdrd7
1,72hpf,1991.40,2614.47,515.79,no_tdrd7
1,72hpf,1299.58,1382.33,315.23,no_tdrd7
1,72hpf,1157.42,1492.68,347.16,no_tdrd7
1,72hpf,950.34,1104.63,338.49,no_tdrd7
1,72hpf,730.93,1113.32,344.79,no_tdrd7
1,72hpf,3562.06,4358.52,761.18,no_tdrd7
1,72hpf,1165.29,1870.97,441.79,no_tdrd7
2,72hpf,2820.693,3365.814,2238.675,no_tdrd7
2,72hpf,3930.324,3767.831,1768.783,no_tdrd7
2,72hpf,352.933,464.293,205.02,no_tdrd7
2,72hpf,782.957,691.058,301.32,no_tdrd7
2,72hpf,962.135,2011.621,1132.899,no_tdrd7
2,72hpf,1214.568,1568.129,1174.184,no_tdrd7
2,72hpf,1677.698,1738.358,937.579,no_tdrd7
2,72hpf,2799.817,3289.753,1795.865,no_tdrd7
2,72hpf,2454.695,2672.403,1397.214,no_tdrd7
2,72hpf,1357.387,1959.355,792.645,no_tdrd7
2,72hpf,850.045,1483.646,1564.96,no_tdrd7
2,72hpf,2244.374,3729.25,2288.778,no_tdrd7
2,72hpf,667.857,973.359,532.728,no_tdrd7
2,72hpf,1304.904,1690.867,599.668,no_tdrd7
2,72hpf,2000.836,3464.59,1703.867,no_tdrd7
2,72hpf,3404.65,4670.402,1292.095,no_tdrd7
2,72hpf,984.145,870.716,411.861,no_tdrd7
2,72hpf,2172.609,2585.257,1104.094,no_tdrd7
2,72hpf,3985.197,3855.275,2657.84,no_tdrd7
2,72hpf,2309.903,2598.412,1202.827,no_tdrd7
2,72hpf,586.323,1171.472,733.396,no_tdrd7
2,72hpf,1535.741,2015.498,984.328,no_tdrd7
2,72hpf,2649.546,2364.26,1333.068,no_tdrd7
2,72hpf,699.364,749.415,297.978,no_tdrd7
2,72hpf,1148.217,1659.433,725.586,no_tdrd7